Study,heavy,light,fitness
Hie_2022_C143,EVQLVESGGGLVQPGGSLRLSCAASGFSVSTKYMTWVRQAPGKGLEWVSVLYSGGSDYYADSVKGRFTISRDNSKNALYLQMNSLRVEDTGVYYCARDSSEVRDHPGHPGRSVGAFDIWGQGTMVTVSS,QSALTQPASVSGSPGQSITISCTGTSNDVGSYTLVSWYQQYPGKAPKLLIFEGTKRSSGISNRFSGSKSGNTASLTISGLQGEDEADYYCCSYAGASTFVFGGGTKLTVL,68.38333333
Hie_2022_C143,EVQLVESGGGLVQPGGSLRLSCAASGFSVSTKYMTWVRQAPGKGLEWVSVLYSGGSDYYADSVKGRFTISRDNSKNALYLQMNSLRVEDTGVYYCARDSSEVRDHPGHPGRSVGAFDIWGQGTMVTVSS,QSALTQPASVSGSPGQSITISCTGTSNDVGSYNLVSWYQQYPGKAPKLLIFEVTKRSSGISNRFSGSKSGNTASLTISGLQGEDEADYYCCSYAGASTFVFGGGTKLTVL,70.57666667
Hie_2022_S309,QVQLVQSGAEVKKPGASVKVSCKASGYPFTSYGISWVRQAPGQGLEWMGWISTYNGNTNYAQKFQGRVTMTTDTSTTTGYMELRRLRSDDTAVYYCARDYTRGAWFGESLIGGFDNWGQGTLVTVSS,EIVLTQSPGTLSLSPGERATLSCRASQTVSSTSLAWYQQKPGQAPRLLIYGASSRATGIPDRFSGSGSGTDFTLTISRLEPEDFAVYYCQQHDTSLTFGGGTKVEIK,72.49
Hie_2022_S309,QVQLVQSGAEVKKPGASVKVSCKASGYPFTSYGISWVRQAPGQGLEWMGWISTYNGNTNYAQKFQGRVTMTTDTSTNTAYMELSRLRSDDTAVYYCARDYTRGAWFGESLIGGFDNWGQGTLVTVSS,EIVLTQSPGTLSLSPGERATLSCRASQTVSSTSLAWYQQKPGQAPRLLIYGASSRATGIPDRFSGSGSGTDFTLTISRLEPEDFAVYYCQQHDTSLTFGGGTKVEIK,74.88333333
Hie_2022_S309,QVQLVQSGAEVKKPGASVKVSCKASGYPFTSYGISWVRQAPGQGLEWMGWISTYNGNTNYAQKFQGRVTMTTDTSTNTAYMELSSLRSDDTAVYYCARDYTRGAWFGESLIGGFDNWGQGTLVTVSS,EIVLTQSPGTLSLSPGERATLSCRASQTVSSTSLAWYQQKPGQAPRLLIYGASSRATGIPDRFSGSGSGTDFTLTISRLEPEDFAVYYCQQHDTSLTFGGGTKVEIK,74.73666667
Hie_2022_S309,QVQLVQSGAEVKKPGASVKVSCKASGYPFTSYGISWVRQAPGQGLEWMGWISTYNGNTNYAQKFQGRVTMTTDTSTTTGYMELRRLRSDDTAVYYCARDYTRGAWFGESLIGGFDNWGQGTLVTVSS,EIVLTQSPGTLSLSPGERATLSCRASQSVSSNSLAWYQQKPGQAPRLLIYGASSRATGIPDRFSGSGSGTDFTLTISRLEPEDFAVYYCQQHDTSLTFGGGTKVEIK,73.23333333
Hie_2022_S309,QVQLVQSGAEVKKPGASVKVSCKASGYPFTSYGISWVRQAPGQGLEWMGWISTYNGNTNYAQKFQGRVTMTTDTSTTTAYMELRRLRSDDTAVYYCARDYTRGAWFGESLIGGFDNWGQGTLVTVSS,EIVLTQSPGTLSLSPGERATLSCRASQSVSSTSLAWYQQKPGQAPRLLIYGASSRATGIPDRFSGSGSGTDFTLTISRLEPEDFAVYYCQQHDTSLTFGGGTKVEIK,72.81666667
Hie_2022_S309,QVQLVQSGAEVKKPGASVKVSCKASGYPFTSYGISWVRQAPGQGLEWMGWISTYNGNTNYAQKFQGRVTMTTDTSTTTGYMELSRLRSDDTAVYYCARDYTRGAWFGESLIGGFDNWGQGTLVTVSS,EIVLTQSPGTLSLSPGERATLSCRASQSVSSTSLAWYQQKPGQAPRLLIYGASSRATGIPDRFSGSGSGTDFTLTISRLEPEDFAVYYCQQHDTSLTFGGGTKVEIK,72.28
Hie_2022_S309,QVQLVQSGAEVKKPGASVKVSCKASGYPFTSYGISWVRQAPGQGLEWMGWISTYNGNTNYAQKFQGRVTMTTDTSTTTGYMELRRLTSDDTAVYYCARDYTRGAWFGESLIGGFDNWGQGTLVTVSS,EIVLTQSPGTLSLSPGERATLSCRASQSVSSTSLAWYQQKPGQAPRLLIYGASSRATGIPDRFSGSGSGTDFTLTISRLEPEDFAVYYCQQHDTSLTFGGGTKVEIK,72.72666667
Hie_2022_S309,QVQLVQSGAEVKKPGASVKVSCKASGYPFTSYGISWVRQAPGQGLEWMGWISTYNGNTNYAQKFQGRVTMTTDTSTNTAYMELSRLRSDDTAVYYCARDYTRGAWFGESLIGGFDNWGQGTLVTVSS,EIVLTQSPGTLSLSPGERATLSCRASQSVSSTSLAWYQQKPGQAPRLLIYGASSRATGIPDRFSGSGSGTDFTLTISRLEPEDFAVYYCQQHDTSLTFGGGTKVEIK,74.94333333
Hie_2022_S309,QVQLVQSGAEVKKPGASVKVSCKASGYPFTSYGISWVRQAPGQGLEWMGWISTYNGNTNYAQKFQGRVTMTTDTSTNTAYMELSRLRSDDTAVYYCARDYTRGAWFGESLIGGFDNWGQGTLVTVSS,EIVLTQSPGTLSLSPGERATLSCRASQSVSSNSLAWYQQKPGQAPRLLIYGASSRATGIPDRFSGSGSGTDFTLTISRLEPEDFAVYYCQQHDTSLTFGGGTKVEIK,75.57
Hie_2022_S309,QVQLVQSGAEVKKPGASVKVSCKASGYPFTSYGISWVRQAPGQGLEWMGWISTYNGNTNYAQKFQGRVTMTTDTSTNTAYMELSSLRSDDTAVYYCARDYTRGAWFGESLIGGFDNWGQGTLVTVSS,EIVLTQSPGTLSLSPGERATLSCRASQSVSSNSLAWYQQKPGQAPRLLIYGASSRATGIPDRFSGSGSGTDFTLTISRLEPEDFAVYYCQQHDTSLTFGGGTKVEIK,75.63666667
Hie_2022_REGN10987,QVQLVESGGGVVQPGRSLRLSCAASGFTFSNYAMYWVRQAPGKGLEWVAVISYDGSNKYYADSVKGRFTISRDNSKNTLYLQMNSLRTEDTAVYYCASGSDYGDYLLVYWGQGTLVTVSS,QSALTQPASVSGSPGQSITISCTGTSSDVGGYNYVSWYQQHPGKAPKLMIYDVSKRPSGVSNRFSGSKSGNTASLTISGLQSEDEADYYCNSLTSISTWVFGGGTKLTVL,77.54
Hie_2022_REGN10987,QVQLVESGGGVVQPGGSLRLSCAASGFTFSNYAMYWVRQAPGKGLEWVAVISYDGSNKYYADSVKGRFTISRDNSKNTLYLQMNSLRTEDTAVYYCASGSDYGDYLLVYWGQGTLVTVSS,QSALTQPASVSGSPGQSITISCTGTSSDVGGYNYVSWYQQHPGKAPKLMIYDVSKRPSGVSNRFSGSKSGNTASLTISGLQSEDEADYYCNSLTSISTWVFGGGTKLTVL,74.82666667
Hie_2022_REGN10987,QVQLVESGGGVVQPGGSLRLSCAASGFTFSNYAMYWVRQAPGKGLEWVAVISYDGSNKYYADSVKGRFTISRDNSKNTLYLQMNSLRTEDTAVYYCASGSDYGDYLLDYWGQGTLVTVSS,QSALTQPASVSGSPGQSITISCTGTSSDVGGYNYVSWYQQHPGKAPKLMIYDVSKRPSGVSNRFSGSKSGNTASLTISGLQSEDEADYYCNSLTSISTWVFGGGTKLTVL,76.18
Hie_2022_REGN10987,QVQLVESGGGVVQPGRSLRLSCAASGFTFSNYAMYWVRQAPGKGLEWVAVISYDGSNKYYADSVKGRFTISRDNSKNTLYLQMNSLRTEDTAVYYCASGSDYGDYLLVYWGQGTLVTVSS,QSALTQPASVSGSPGQSITISCTGTSSDVGGYNYVSWYQQHPGKAPKLMIYDVSKRPSGVSNRFSGSKSGNTASLTISGLQAEDEADYYCCSLTSSSTWVFGGGTKLTVL,80.17333333
Hie_2022_REGN10987,QVQLVESGGGVVQPGGSLRLSCAASGFTFSNYAMYWVRQAPGKGLEWVAVISYDGSNKYYADSVKGRFTISRDNSKNTLYLQMNSLRTEDTAVYYCASGSDYGDYLLVYWGQGTLVTVSS,QSALTQPASVSGSPGQSITISCTGTSSDVGGYNYVSWYQQHPGKAPKLMIYDVSKRPSGVSNRFSGSKSGNTASLTISGLQAEDEADYYCNSLTSISTWVFGGGTKLTVL,78.42
Hie_2022_REGN10987,QVQLVESGGGVVQPGGSLRLSCAASGFTFSNYAMYWVRQAPGKGLEWVAVISYDGSNKYYADSVKGRFTISRDNSKNTLYLQMNSLRTEDTAVYYCASGSDYGDYLLVYWGQGTLVTVSS,QSALTQPASVSGSPGQSITISCTGTSSDVGGYNYVSWYQQHPGKAPKLMIYDVSKRPSGVSNRFSGSKSGNTASLTISGLQSEDEADYYCCSLTSISTWVFGGGTKLTVL,78.62333333
Hie_2022_REGN10987,QVQLVESGGGVVQPGGSLRLSCAASGFTFSNYAMYWVRQAPGKGLEWVAVISYDGSNKYYADSVKGRFTISRDNSKNTLYLQMNSLRTEDTAVYYCASGSDYGDYLLVYWGQGTLVTVSS,QSALTQPASVSGSPGQSITISCTGTSSDVGGYNYVSWYQQHPGKAPKLMIYDVSKRPSGVSNRFSGSKSGNTASLTISGLQSEDEADYYCNSLTSSSTWVFGGGTKLTVL,78.68666667
Hie_2022_REGN10987,QVQLVESGGGVVQPGGSLRLSCAASGFTFSNYAMYWVRQAPGKGLEWVAVISYDGSNKYYADSVKGRFTISRDNSKNTLYLQMNSLRTEDTAVYYCASGSDYGDYLLDYWGQGTLVTVSS,QSALTQPASVSGSPGQSITISCTGTSSDVGGYNYVSWYQQHPGKAPKLMIYDVSKRPSGVSNRFSGSKSGNTASLTISGLQAEDEADYYCCSLTSSSTWVFGGGTKLTVL,78.69666667
Rosace_2023_CR3022,EVQLVQSGTEVKKPGESLKISCKGSGYGFITYWIGWVRQMPGKGLEWMGIIYPGDSETRYSPSFQGQVTISADKSINTAYLQWSSLKASDTAIYYCAGGSGISTPMDVWGQGTTVTVSS,DIVMTQSPDSLAVSLGERATINCKSSQSVLYSSINKNYLAWYQQKPGQPPKLLIYWASTRESGVPDRFSGSGSGTDFTLTISSLQAEDVAVYYCQQYYSTPYTFGQGTKVEIK,65.35
Rosace_2023_CR3022,EVQLVQSGTEVKKPGESLKISCKGSGYGFITYWIGWVRQPPGKGLEWMGIIYPGDSETRYSPSFQGQVTISADKSINTAYLQWSSLKASDTAIYYCAGGSGISTPMDVWGQGTTVTVSS,DIVMTQSPDSLAVSLGERATINCKSSQSVLYSSINKNYLAWYQQKPGQPPKLLIYWASTRESGVPDRFSGSGSGTDFTLTISSLQAEDVAVYYCQQYYSTPYTFGQGTKVEIK,66.8
Rosace_2023_CR3022,EVQLVQSGTEVKKPGESLKISCKGSGYGFITYWIGWVRQPPGKGLEWMGIIYPGDSETRYSPSFQGQVTISADKSINTAYLQWSSLKASDTAIYYCAGGSGISTPMDVWGQGTTVTVSS,DIVMTQSPDSLAVSLGERATINCKSSQSVLYSSINKNYLAWYQQKPGQPPKLLIYWASTRESGVPDRFSGSGSGTDFTLTISSLQPEDVAVYYCQQYYSTPYTFGQGTKVEIK,67
Rosace_2023_CR3022,EVQLVQSGPEVKKPGESLKISCKGSGYGFITYWIGWVRQPPGKGLEWMGIIYPGDGETRYSPSFQGQVTISADKSINTAYLQWSSLKAEDTAIYYCAGGSGISTPMDVWGQGTTVTVSS,DIVMTQSPDSLAVSLGERATINCKSSQSVLYSSINKNYLAWYQQKPGQPPKLLIYWASTRESGVPDRFSGSGSGTDFTLTISSLQAEDVAVYYCQQYYSTPYTFGQGTKVEIK,72.25
Rosace_2023_CR3022,EVQLVQSGPEVKKPGESLKISCKGSGYGFITYWIGWVRQPPGKGLEWMGIIYPGDSETRYSPSFQGQVTISADKSINTAYLQWSSLKASDTAIYYCAGGSGISTPMDVWGQGTTVTVSS,DIVMTQSPDSLAVSLGERATINCKSSQSVLYSSINKNYLAWYQQKPGQPPKLLIYWASKRESGVPDRFSGSGSGTDFTLTISSLQPEDVAVYYCQQYYSTPYTFGQGTKVEIK,69.1
Rosace_2023_CR3022,EVQLVQSGPEVKKPGESLKISCKGSGYGFITYWIGWVRQPPGKGLEWMGIIYPGDSETRYSPSFQGRVTISADKSINTAYLQWSSLKASDTAIYYCAGGSGISTPMDVWGQGTTVTVSS,DIVMTQSPDSLAVSLGERATINCKSSQSVLYSSINKNYLAWYQQKPGQPPKLLIYWASKRESGVPDRFSGSGSGTDFTLTISSLQPEDVAVYYCQQYYSTPYTFGQGTKVEIK,72.05