Sequence,Pred_affinity,num_mut
EVQLVESGGGLVQPGRSLRLSCAASGFHFDQYAMHWVRQAPGKGLEWVSGISWNGGSHGYADSVDGRFTISRDNAENSLYLQMNSLRAEDTALYYCAKVGRGGGYFDQWGQGTLVTVSSGGGGSGGGGSGGGGSQAVLTQPSSLSASPGASVSLTCSYESTLGIGQYRIWWYQQKPGSPPQYLLRMRSGREYNDSGSSPSRFSGSKDASANAGILLISGLQSEDEADYYCMVWRTEATLFGGGTKLTVL,1.3935189247131348,33
EVQLVESGGGLVQPGRSLRLSCAASGFHFDQYAMHWVRQAPGKGLEWVSGISWNGGSHGYADSVDGRFTISRDNAENSLYLQMNSLRAEDTALYYCAKVGRGGGYFDQWGQGTLVTVSSGGGGSGGGGSGGGGSQAVLTQPSSLSASPGASVSLTCSYESYLGIGQYRIWWYQQKPGSPPQYLLRMRSGREYNDSGSSPSRFSGSKDASANAGILLISGLQSEDEADYYCMVWRTEATLFGGGTKLTVL,1.4002223014831543,33
EVQLVESGGGLVQPGRSLRLSCAASGFHFDQYAMHWVRQAPGKGLEWVSGISWNGGSHGYADSVDGRFTISRDNAENSLYLQMNSLRAEDTALYYCAKVGRGGGYFDQWGQGTLVTVSSGGGGSGGGGSGGGGSQAVLTQPSSLSASPGASVSLTCSVESYLGIGQYRIWWYQQKPGSPPQYLLRMRSGREYNDSGSSPSRFSGSKDASANAGILLISGLQSEDEADYYCMVWRTEATLFGGGTKLTVL,1.4163932800292969,33
EVQLVESGGGLVQPGRSLRLSCAASGFHFDQYAMHWVRQAPGKGLEWVSGISWNGGSHGYADSVDGRFTISRDNAENSLYLQMNSLRAEDTALYYCAKVGRGGGYFDQWGQGTLVTVSSGGGGSGGGGSGGGGSQAVLTQPSSLSASPGASVSLTCSVESYMGIGQYRIWWYQQKPGSPPQYLLRMRSGREYNDSGSSPSRFSGSKDASANAGILLISGLQSEDEADYYCMVWRTEATLFGGGTKLTVL,1.429182767868042,33
EVQLVESGGGLVQPGRSLRLSCAASGFHFDQYAMHWVRQAPGKGLEWVSGISWNGGSHGYADSVDGRFTISRDNAENSLYLQMNSLRAEDTALYYCAKVGRGGGYFDQWGQGTLVTVSSGGGGSGGGGSGGGGSQAVLTQPSSLSASPGASVSLTCSVESIMGIGQYRIWWYQQKPGSPPQYLLRMRSGREYNDSGSSPSRFSGSKDASANAGILLISGLQSEDEADYYCMVWRTEATLFGGGTKLTVL,1.4352643489837646,33
EVQLVESGGGLVQPGRSLRLSCAASGFHFDQYAMHWVRQAPGKGLEWVSGISWNGGSHGYADSVDGRFTISRDNAENSLYLQMNSLRAEDTALYYCAKVGRGGGYFDQWGQGTLVTVSSGGGGSGGGGSGGGGSQAVLTQPSSLSASPGASVSLTCSVESIMGIGQYRIYWYQQKPGSPPQYLLRMRSGREYNDSGSSPSRFSGSKDASANAGILLISGLQSEDEADYYCMVWRTEATLFGGGTKLTVL,1.5135571956634521,32
EVQLVESGGGLVQPGRSLRLSCAASGFHFDQYAMHWVRQAPGKGLEWVSGISWNGGSHGYADSVDGRFTISRDNAENSLYLQMNSLRAEDTALYYCAKVGRGGGYFDQWGQGTLVTVSSGGGGSGGGGSGGGGSQAVLTQPSSLSASPGASVSLTCSVESVMGIGQYRIYWYQQKPGSPPQYLLRMRSGREYNDSGSSPSRFSGSKDASANAGILLISGLQSEDEADYYCMVWRTEATLFGGGTKLTVL,1.536588430404663,32
EVQLVESGGGLVQPGRSLRLSCAASGFHFDQYAMHWVRQAPGKGLEWVSGISWNGGSHGYADSVEGRFTISRDNAENSLYLQMNSLRAEDTALYYCAKVGKGGGYFDDWGQGTLVTVSSGGGGSGGGGSGGGGSQAVLTQPSSLSASPGASVSLTCSVESVMGVGQYRIYWYQQKPGSPPQYLLRMRSGKEYSDRSSAPSRFSGSKDASANAGILLISGLQSEDEADYYCMIWHTQATLFGGGTKLTVL,1.5492082834243774,29
EVQLVESGGGLVQPGRSLRLSCAASGFHFDQYAMHWVRQAPGKGLEWVSGISWNGGSHGYADSVDGRFTISRDNAENSLYLQMNSLRAEDTALYYCAKVGRGGGYFDQWGQGTLVTVSSGGGGSGGGGSGGGGSQAVLTQPSSLSASPGASVSLTCSVESVMGIGQYRIYWYQQKPGSPPQYLLRMRSGREYNDSGSSPSRFSGSKDASANAGILLISGLQSEDEADYYCMIWRTEATLFGGGTKLTVL,1.5545918941497803,31
EVQLVESGGGLVQPGRSLRLSCAASGFHFDQYAMHWVRQAPGKGLEWVSGISWNGGSHGYADSVEGRFTISRDNAENSLYLQMNSLRAEDTALYYCAKVGKGGGYFDDWGQGTLVTVSSGGGGSGGGGSGGGGSQAVLTQPSSLSASPGASVSLTCSVESVMGIGQYRIYWYQQKPGSPPQYLLRMRSGKEYSDRSSAPSRFSGSKDASANAGILLISGLQSEDEADYYCMIWHTQATLFGGGTKLTVL,1.5575706958770752,30
EVQLVESGGGLVQPGRSLRLSCAASGFHFDQYAMHWVRQAPGKGLEWVSGISWNGGSHGYADSVEGRFTISRDNAENSLYLQMNSLRAEDTALYYCAKVGKGGGYFDDWGQGTLVTVSSGGGGSGGGGSGGGGSQAVLTQPSSLSASPGASVSLTCSVESVMGIGQYRIYWYQQKPGSPPQYLLRMRSGKEYSDQSSAPSRFSGSKDASANAGILLISGLQSEDEADYYCMIWHTQATLFGGGTKLTVL,1.5579403638839722,30
EVQLVESGGGLVQPGRSLRLSCAASGFHFDQYAMHWVRQAPGKGLEWVSGISWNGGSHGYADSVDGRFTISRDNAENSLYLQMNSLRAEDTALYYCAKVGRGGGYFDQWGQGTLVTVSSGGGGSGGGGSGGGGSQAVLTQPSSLSASPGASVSLTCSVESVMGIGQYRIYWYQQKPGSPPQYLLRMRSGREYNDSGSAPSRFSGSKDASANAGILLISGLQSEDEADYYCMIWRTEATLFGGGTKLTVL,1.564056634902954,31
EVQLVESGGGLVQPGRSLRLSCAASGFHFDQYAMHWVRQAPGKGLEWVSGISWNGGSHGYADSVEGRFTISRDNAENSLYLQMNSLRAEDTALYYCAKVGKGGGYFDSWGQGTLVTVSSGGGGSGGGGSGGGGSQAVLTQPSSLSASPGASVSLTCSVESVMGIGQYRIYWYQQKPGSPPQYLLRMRSGKEYSDQSSAPSRFSGSKDASANAGILLISGLQSEDEADYYCMIWHTQATLFGGGTKLTVL,1.5662219524383545,30
EVQLVESGGGLVQPGRSLRLSCAASGFHFDQYAMHWVRQAPGKGLEWVSGISWNGGSHGYADSVEGRFTISRDNAENSLYLQMNSLRAEDTALYYCAKVGKGGGYFDQWGQGTLVTVSSGGGGSGGGGSGGGGSQAVLTQPSSLSASPGASVSLTCSVESVMGIGQYRIYWYQQKPGSPPQYLLRMRSGKEYSDRSSAPSRFSGSKDASANAGILLISGLQSEDEADYYCMIWHTQATLFGGGTKLTVL,1.5704113245010376,30
EVQLVESGGGLVQPGRSLRLSCAASGFHFDQYAMHWVRQAPGKGLEWVSGISWNGGSHGYADSVEGRFTISRDNAENSLYLQMNSLRAEDTALYYCAKVGKGGGYFDNWGQGTLVTVSSGGGGSGGGGSGGGGSQAVLTQPSSLSASPGASVSLTCSVESVMGIGQYRIYWYQQKPGSPPQYLLRMRSGKEYSDQSSAPSRFSGSKDASANAGILLISGLQSEDEADYYCMIWHTQATLFGGGTKLTVL,1.5728025436401367,30
EVQLVESGGGLVQPGRSLRLSCAASGFHFDQYAMHWVRQAPGKGLEWVSGISWNGGSHGYADSVDGRFTISRDNAENSLYLQMNSLRAEDTALYYCAKVGRGGGYFDQWGQGTLVTVSSGGGGSGGGGSGGGGSQAVLTQPSSLSASPGASVSLTCSVESVMGIGQYRIYWYQQKPGSPPQYLLRMRSGREYNDHGSAPSRFSGSKDASANAGILLISGLQSEDEADYYCMIWRTEATLFGGGTKLTVL,1.5774179697036743,31
EVQLVESGGGLVQPGRSLRLSCAASGFHFDQYAMHWVRQAPGKGLEWVSGISWNGGSHGYADSVEGRFTISRDNAENSLYLQMNSLRAEDTALYYCAKVGRGGGYFDDWGQGTLVTVSSGGGGSGGGGSGGGGSQAVLTQPSSLSASPGASVSLTCSVESVMGIGQYRIYWYQQKPGSPPQYLLRMRSGREYSDHNSAPSRFSGSKDASANAGILLISGLQSEDEADYYCMIWHTQATLFGGGTKLTVL,1.579390287399292,30
EVQLVESGGGLVQPGRSLRLSCAASGFHFDQYAMHWVRQAPGKGLEWVSGISWNGGSHGYADSVEGRFTISRDNAENSLYLQMNSLRAEDTALYYCAKVGKGGGYFDHWGQGTLVTVSSGGGGSGGGGSGGGGSQAVLTQPSSLSASPGASVSLTCSVESVMGIGQYRIYWYQQKPGSPPQYLLRMRSGKEYSDQSSAPSRFSGSKDASANAGILLISGLQSEDEADYYCMIWHTQATLFGGGTKLTVL,1.580390214920044,30
EVQLVESGGGLVQPGRSLRLSCAASGFHFDQYAMHWVRQAPGKGLEWVSGISWNGGSHGYADSVEGRFTISRDNAENSLYLQMNSLRAEDTALYYCAKVGKGGGYFDHWGQGTLVTVSSGGGGSGGGGSGGGGSQAVLTQPSSLSASPGASVSLTCSVESVMGIGQYRIYWYQQKPGSPPQYLLRMRSGKEYSDKSSAPSRFSGSKDASANAGILLISGLQSEDEADYYCMIWHTQATLFGGGTKLTVL,1.5804784297943115,30
EVQLVESGGGLVQPGRSLRLSCAASGFHFDQYAMHWVRQAPGKGLEWVSGISWNGGSHGYADSVEGRFTISRDNAENSLYLQMNSLRAEDTALYYCAKVGRGGGYFDDWGQGTLVTVSSGGGGSGGGGSGGGGSQAVLTQPSSLSASPGASVSLTCSVESVMGIGQYRIYWYQQKPGSPPQYLLRMRSGKEYSDHNSAPSRFSGSKDASANAGILLISGLQSEDEADYYCMIWHTQATLFGGGTKLTVL,1.582893967628479,30
EVQLVESGGGLVQPGRSLRLSCAASGFHFDQYAMHWVRQAPGKGLEWVSGISWNGGSHGYADSVEGRFTISRDNAENSLYLQMNSLRAEDTALYYCAKVGRGGGYFDDWGQGTLVTVSSGGGGSGGGGSGGGGSQAVLTQPSSLSASPGASVSLTCSVESVMGIGQYRIYWYQQKPGSPPQYLLRMRSGKEYSDRNSAPSRFSGSKDASANAGILLISGLQSEDEADYYCMIWHTQATLFGGGTKLTVL,1.5832703113555908,30
EVQLVESGGGLVQPGRSLRLSCAASGFHFDQYAMHWVRQAPGKGLEWVSGISWNGGSHGYADSVEGRFTISRDNAENSLYLQMNSLRAEDTALYYCAKVGKGGGYFDDWGQGTLVTVSSGGGGSGGGGSGGGGSQAVLTQPSSLSASPGASVSLTCSVESVMGIGQYRIYWYQQKPGSPPQYLLRMRSGKEYSDRNSAPSRFSGSKDASANAGILLISGLQSEDEADYYCMIWHTQATLFGGGTKLTVL,1.5857895612716675,31
EVQLVESGGGLVQPGRSLRLSCAASGFHFDQYAMHWVRQAPGKGLEWVSGISWNGGSHGYADSVDGRFTISRDNAENSLYLQMNSLRAEDTALYYCAKVGRGGGYFDQWGQGTLVTVSSGGGGSGGGGSGGGGSQAVLTQPSSLSASPGASVSLTCSLESVMGIGQYRIYWYQQKPGSPPQYLLRMRSGREYNDHGSAPSRFSGSKDASANAGILLISGLQSEDEADYYCMIWRTEATLFGGGTKLTVL,1.5883526802062988,30
EVQLVESGGGLVQPGRSLRLSCAASGFHFDQYAMHWVRQAPGKGLEWVSGISWNGGSHGYADSVDGRFTISRDNAENSLYLQMNSLRAEDTALYYCAKVGRGGGYFDQWGQGTLVTVSSGGGGSGGGGSGGGGSQAVLTQPSSLSASPGASVSLTCSIESVMGIGQYRIYWYQQKPGSPPQYLLRMRSGREYNDHGSAPSRFSGSKDASANAGILLISGLQSEDEADYYCMIWRTEATLFGGGTKLTVL,1.589533805847168,31
EVQLVESGGGLVQPGRSLRLSCAASGFHFDQYAMHWVRQAPGKGLEWVSGISWNGGSHGYADSVEGRFTISRDNAENSLYLQMNSLRAEDTALYYCAKVGKGGGYFDHWGQGTLVTVSSGGGGSGGGGSGGGGSQAVLTQPSSLSASPGASVSLTCSVESVMGIGQYRIYWYQQKPGSPPQYLLRMRSGKEYSDKSSAPSRFSGSKDASANAGILLISGLQSEDEADYYCMIWHTQATIFGGGTKLTVL,1.5920225381851196,30
EVQLVESGGGLVQPGRSLRLSCAASGFHFDQYAMHWVRQAPGKGLEWVSGISWNGGSHGYADSVEGRFTISRDNAENSLYLQMNSLRAEDTALYYCAKVGKGGGYFDHWGQGTLVTVSSGGGGSGGGGSGGGGSQAVLTQPSSLSASPGASVSLTCSVESVMGIGQYRIYWYQQKPGSPPQYLLRLRTGKEYHDGSSAPSRFSGSKDASANAGILLISGLQSEDEADYYCMIWHTQATIFGGGTKLTVL,1.5949681997299194,30
EVQLVESGGGLVQPGRSLRLSCAASGFHFDQYAMHWVRQAPGKGLEWVSGISWNGGSHGYADSVEGRFTISRDNAENSLYLQMNSLRAEDTALYYCAKVGKGGGYFDHWGQGTLVTVSSGGGGSGGGGSGGGGSQAVLTQPSSLSASPGASVSLTCSVESVMGIGQYRIYWYQQKPGSPPQYLLRMRSGKEYSDGSSAPSRFSGSKDASANAGILLISGLQSEDEADYYCMIWHTQATIFGGGTKLTVL,1.59806227684021,29
EVQLVESGGGLVQPGRSLRLSCAASGFHFDQYAMHWVRQAPGKGLEWVSGISWNGGSHGYADSVDGRFTISRDNAENSLYLQMNSLRAEDTALYYCAKVGRGGGYFDQWGQGTLVTVSSGGGGSGGGGSGGGGSQAVLTQPSSLSASPGASVSLTCSIESVMGIGQYRIYWYQQKPGSPPQYLLRMRSGREYNDHGSAPSRFSGSKDASANAGILLISGLQSEDEADYYCMIWHTEATLFGGGTKLTVL,1.6013154983520508,30
EVQLVESGGGLVQPGRSLRLSCAASGFHFDQYAMHWVRQAPGKGLEWVSGISWNGGSHGYADSVEGRFTISRDNAENSLYLQMNSLRAEDTALYYCAKVGKGGGYFDHWGQGTLVTVSSGGGGSGGGGSGGGGSQAVLTQPSSLSASPGASVSLTCSVESVMGIGQYRIYWYQQKPGSPPQYLLRLRSGKEYSDGSSAPSRFSGSKDASANAGILLISGLQSEDEADYYCMIWHTQATIFGGGTKLTVL,1.604702115058899,29
EVQLVESGGGLVQPGRSLRLSCAASGFHFDQYAMHWVRQAPGKGLEWVSGISWNGGSHGYADSVEGRFTISRDNAENSLYLQMNSLRAEDTALYYCAKVGKGGGYFDHWGQGTLVTVSSGGGGSGGGGSGGGGSQAVLTQPSSLSASPGASVSLTCSVESVMGIGQYRIYWYQQKPGSPPQYLLRLRTGKEYHDGSSAPSRFSGSKDASANAGILLISGLQSEDEADYYCMIWHTQATLFGGGTKLTVL,1.6059093475341797,30
EVQLVESGGGLVQPGRSLRLSCAASGFHFDQYAMHWVRQAPGKGLEWVSGISWNGGSHGYADSVEGRFTISRDNAENSLYLQMNSLRAEDTALYYCAKVGKGGGYFDHWGQGTLVTVSSGGGGSGGGGSGGGGSQAVLTQPSSLSASPGASVSLTCSVESVMGIGQYRIYWYQQKPGSPPQYLLRLRTGKDYHDGSSAPSRFSGSKDASANAGILLISGLQSEDEADYYCMIWHTQATIFGGGTKLTVL,1.608795404434204,29
EVQLVESGGGLVQPGRSLRLSCAASGFHFDQYAMHWVRQAPGKGLEWVSGISWNGGSHGYADSVEGRFTISRDNAENSLYLQMNSLRAEDTALYYCAKVGKGGGYFDNWGQGTLVTVSSGGGGSGGGGSGGGGSQAVLTQPSSLSASPGASVSLTCSVESVMGIGQYRIYWYQQKPGSPPQYLLRLRSGKEYHDGSSAPSRFSGSKDASANAGILLISGLQSEDEADYYCMIWHTQATIFGGGTKLTVL,1.6120696067810059,29
EVQLVESGGGLVQPGRSLRLSCAASGFHFDQYAMHWVRQAPGKGLEWVSGISWNGGSHGYADSVEGRFTISRDNAENSLYLQMNSLRAEDTALYYCAKVGRGGGYFDDWGQGTLVTVSSGGGGSGGGGSGGGGSQAVLTQPSSLSASPGASVSLTCSVESVMGIGQYRIYWYQQKPGSPPQYLLRMRSGREYNDHNSAPSRFSGSKDASANAGILLISGLQSEDEADYYCMIWHTEATLFGGGTKLTVL,1.6135687828063965,30
EVQLVESGGGLVQPGRSLRLSCAASGFHFDQYAMHWVRQAPGKGLEWVSGISWNGGSHGYADSVEGRFTISRDNAENSLYLQMNSLRAEDTALYYCAKVGRGGGYFDDWGQGTLVTVSSGGGGSGGGGSGGGGSQAVLTQPSSLSASPGASVSLTCSVESVMGIGQYRIYWYQQKPGSPPQYLLRMRSGREYNDHNSAPSRFSGSKDASANAGILLISGLQSEDEADYYCMIWHTQATLFGGGTKLTVL,1.6139518022537231,30
EVQLVESGGGLVQPGRSLRLSCAASGFHFDQYAMHWVRQAPGKGLEWVSGISWNGGSHGYADSVEGRFTISRDNAENSLYLQMNSLRAEDTALYYCAKVGRGGGYFDQWGQGTLVTVSSGGGGSGGGGSGGGGSQAVLTQPSSLSASPGASVSLTCSIESVMGIGQYRIYWYQQKPGSPPQYLLRMRSGREYNDHGSAPSRFSGSKDASANAGILLISGLQSEDEADYYCMIWHTEATLFGGGTKLTVL,1.6149024963378906,30
EVQLVESGGGLVQPGRSLRLSCAASGFHFDQYAMHWVRQAPGKGLEWVSGISWNGGSHGYADSVEGRFTISRDNAENSLYLQMNSLRAEDTALYYCAKVGKGGGYFDHWGQGTLVTVSSGGGGSGGGGSGGGGSQAVLTQPSSLSASPGASVSLTCSVESVMGIGQYRIYWYQQKPGSPPQYLLRLRTGKDVHDGSSAPSRFSGSKDASANAGILLISGLQSEDEADYYCMIWHTQATIFGGGTKLTVL,1.6154351234436035,29
EVQLVESGGGLVQPGRSLRLSCAASGFHFDQYAMHWVRQAPGKGLEWVSGISWNGGSHGYADSVEGRFTISRDNAENSLYLQMNSLRAEDTALYYCAKVGKGGGYFDHWGQGTLVTVSSGGGGSGGGGSGGGGSQAVLTQPSSLSASPGASVSLTCSVESVMGIGQYRIYWYQQKPGSPPQYLLRLRTGKDVHEGSSAPSRFSGSKDASANAGILLISGLQSEDEADYYCMIWHTQATIFGGGTKLTVL,1.623059868812561,29
EVQLVESGGGLVQPGRSLRLSCAASGFHFDQYAMHWVRQAPGKGLEWVSGISWNGGSHGYADSVEGRFTISRDNAENSLYLQMNSLRAEDTALYYCAKVGKGGGYFDHWGQGTLVTVSSGGGGSGGGGSGGGGSQAVLTQPSSLSASPGASVSLTCSVESVMGIGQYRIYWYQQKPGSPPQYLLRLRSGKEYKDGSSAPSRFSGSKDASANAGILLISGLQSEDEADYYCMIWHTQATIFGGGTKLTVL,1.6239395141601562,29
EVQLVESGGGLVQPGRSLRLSCAASGFHFDQYAMHWVRQAPGKGLEWVSGISWNGGSHGYADSVEGRFTISRDNAENSLYLQMNSLRAEDTALYYCAKVGKGGGYFDNWGQGTLVTVSSGGGGSGGGGSGGGGSQAVLTQPSSLSASPGASVSLTCSVESVMGIGQYRIYWYQQKPGSPPQYLLRLRTGKDVHEGSSAPSRFSGSKDASANAGILLISGLQSEDEADYYCMIWHTQATIFGGGTKLTVL,1.6290745735168457,29
EVQLVESGGGLVQPGRSLRLSCAASGFHFDQYAMHWVRQAPGKGLEWVSGISWNGGSHGYADSVEGRFTISRDNAENSLYLQMNSLRAEDTALYYCAKVGKGGGYFDNWGQGTLVTVSSGGGGSGGGGSGGGGSQAVLTQPSSLSASPGASVSLTCSVESVMGIGQYRIYWYQQKPGSPPQYLLRLRTGKDVHEGSSAPSRFSGSKDASANAGILLISGLQSEDEADYYCMIWHSQATIFGGGTKLTVL,1.6294152736663818,28
EVQLVESGGGLVQPGRSLRLSCAASGFHFDQYAMHWVRQAPGKGLEWVSGISWNGGSHGYADSVEGRFTISRDNAENSLYLQMNSLRAEDTALYYCAKVGRGGGYFDDWGQGTLVTVSSGGGGSGGGGSGGGGSQAVLTQPSSLSASPGASVSLTCSIESVMGIGQYRIYWYQQKPGSPPQYLLRMRSGREYNDHGSAPSRFSGSKDASANAGILLISGLQSEDEADYYCMIWHTEATLFGGGTKLTVL,1.631086826324463,30
EVQLVESGGGLVQPGRSLRLSCAASGFHFDQYAMHWVRQAPGKGLEWVSGISWNGGSHGYADSVEGRFTISRDNAENSLYLQMNSLRAEDTALYYCAKVGKGGGYFDNWGQGTLVTVSSGGGGSGGGGSGGGGSQAVLTQPSSLSASPGASVSLTCSVESVMGIGQYRIYWYQQKPGSPPQYLLRLRTGKEYHDGSSAPSRFSGSKDASANAGILLISGLQSEDEADYYCMIWHTQATIFGGGTKLTVL,1.6321470737457275,30
EVQLVESGGGLVQPGRSLRLSCAASGFHFDQYAMHWVRQAPGKGLEWVSGISWNGGSHGYADSVEGRFTISRDNAENSLYLQMNSLRAEDTALYYCAKVGRGGGYFDDWGQGTLVTVSSGGGGSGGGGSGGGGSQAVLTQPSSLSASPGASVSLTCSIESVMGIGQYRIYWYQQKPGSPPQYLLRMRSGREYNDHNSAPSRFSGSKDASANAGILLISGLQSEDEADYYCMIWHTEATLFGGGTKLTVL,1.6325818300247192,30
EVQLVESGGGLVQPGRSLRLSCAASGFHFDQYAMHWVRQAPGKGLEWVSGISWNGGSHGYADSVEGRFTISRDNAENSLYLQMNSLRAEDTALYYCAKVGKGGGYFDHWGQGTLVTVSSGGGGSGGGGSGGGGSQAVLTQPSSLSASPGASVSLTCSVESVMGIGQYRIYWYQQKPGSPPQYLLRLRTGKDVHEGSSAPSRFSGSKDASANAGILLISGLQSEDEADYYCMIWHSQATIFGGGTKLTVL,1.637091875076294,28
EVQLVESGGGLVQPGRSLRLSCAASGFHFDQYAMHWVRQAPGKGLEWVSGISWNGGSHGYADSVEGRFTISRDNAENSLYLQMNSLRAEDTALYYCAKVGKGGGYFDHWGQGTLVTVSSGGGGSGGGGSGGGGSQAVLTQPSSLSASPGASVSLTCSVESVMGIGQYRIYWYQQKPGSPPQYLLRQRTGKDVHEGSSAPSRFSGSKDASANAGILLISGLQSEDEADYYCMIWHSQATIFGGGTKLTVL,1.6376030445098877,28
EVQLVESGGGLVQPGRSLRLSCAASGFHFDQYAMHWVRQAPGKGLEWVSGISWNGGSHGYADSVEGRFTISRDNAENSLYLQMNSLRAEDTALYYCAKVGKGGGYFDQWGQGTLVTVSSGGGGSGGGGSGGGGSQAVLTQPSSLSASPGASVSLTCSVESVMGIGQYRIYWYQQKPGSPPQYLLRLRTGKEYHDGSSAPSRFSGSKDASANAGILLISGLQSEDEADYYCMIWHTQATIFGGGTKLTVL,1.6404163837432861,30
EVQLVESGGGLVQPGRSLRLSCAASGFHFDQYAMHWVRQAPGKGLEWVSGISWNGGSHGYADSVEGRFTISRDNAENSLYLQMNSLRAEDTALYYCAKVGKGGGYFDHWGQGTLVTVSSGGGGSGGGGSGGGGSQAVLTQPSSLSASPGASVSLTCSVESVMGIGQYRIYWYQQKPGSPPQYLLRLRTGKEVHEGSSAPSRFSGSKDASANAGILLISGLQSEDEADYYCMIWHSQATIFGGGTKLTVL,1.6410422325134277,29
EVQLVESGGGLVQPGRSLRLSCAASGFHFDQYAMHWVRQAPGKGLEWVSGISWNGGSHGYADSVEGRFTISRDNAENSLYLQMNSLRAEDTALYYCAKVGRGGGYFDDWGQGTLVTVSSGGGGSGGGGSGGGGSQAVLTQPSSLSASPGASVSLTCSVESVMGIGQYRIYWYQQKPGSPPQYLLRMRSGREYSDHNSQPSRFSGSKDASANAGILLISGLQSEDEADYYCMIWHTQATLFGGGTKLTVL,1.641960620880127,30
EVQLVESGGGLVQPGRSLRLSCAASGFHFDQYAMHWVRQAPGKGLEWVSGISWNGGSHGYADSVEGRFTISRDNAENSLYLQMNSLRAEDTALYYCAKVGKGGGYFDHWGQGTLVTVSSGGGGSGGGGSGGGGSQAVLTQPSSLSASPGASVSLTCSVESVMGIGQYRIYWYQQKPGSPPQYLLRQRTGKDVHEGSSAPSRFSGSKDASANAGILLISGLQSEDEADYYCMIWHSQATVFGGGTKLTVL,1.653167963027954,27
EVQLVESGGGLVQPGRSLRLSCAASGFHFDQYAMHWVRQAPGKGLEWVSGISWNGGSHGYADSVEGRFTISRDNAENSLYLQMNSLRAEDTALYYCAKVGKGGGYFDNWGQGTLVTVSSGGGGSGGGGSGGGGSQAVLTQPSSLSASPGASVSLTCSVESVMGIGQYRIYWYQQKPGSPPQYLLRQRTGKDVHEGSSAPSRFSGSKDASANAGILLISGLQSEDEADYYCMIWHSQATVFGGGTKLTVL,1.6587581634521484,27
EVQLVESGGGLVQPGRSLRLSCAASGFHFDQYAMHWVRQAPGKGLEWVSGISWNGGSHGYADSVEGRFTISRDNAENSLYLQMNSLRAEDTALYYCAKVGKGGGYFDNWGQGTLVTVSSGGGGSGGGGSGGGGSQAVLTQPSSLSASPGASVSLTCSVESVMGIGQYRIYWYQQKPGSPPQYLLRLRSGKEYKDGSSAPSRFSGSKDASANAGILLISGLQSEDEADYYCMIWHTQATIFGGGTKLTVL,1.659909963607788,29
EVQLVESGGGLVQPGRSLRLSCAASGFHFDQYAMHWVRQAPGKGLEWVSGISWNGGSHGYADSVEGRFTISRDNAENSLYLQMNSLRAEDTALYYCAKVGKGGGYFDNWGQGTLVTVSSGGGGSGGGGSGGGGSQAVLTQPSSLSASPGASVSLTCSVESVMGIGQYRIYWYQQKPGSPPQYLLRQRTGKDVHEGSSIPSRFSGSKDASANAGILLISGLQSEDEADYYCMIWHSQATVFGGGTKLTVL,1.6640862226486206,27
EVQLVESGGGLVQPGRSLRLSCAASGFHFDQYAMHWVRQAPGKGLEWVSGISWNGGSHGYADSVEGRFTISRDNAENSLYLQMNSLRAEDTALYYCAKVGKGGGYFDHWGQGTLVTVSSGGGGSGGGGSGGGGSQAVLTQPSSLSASPGASVSLTCSVESVMGIGSYQIYWYQQKPGSPPQYLLRHRTGKDVREGSSIPSRFSGSKDASANAGILLISGLQSEDEADYYCMIWHSQATVFGGGTKLTVL,1.666309118270874,28
EVQLVESGGGLVQPGRSLRLSCAASGFHFDQYAMHWVRQAPGKGLEWVSGISWNGGSHGYADSVEGRFTISRDNAENSLYLQMNSLRAEDTALYYCAKVGKGGGYFDHWGQGTLVTVSSGGGGSGGGGSGGGGSQAVLTQPSSLSASPGASVSLTCSVESVMGIGQYRIYWYQQKPGSPPQYLLRQRTGKDVHEGSSIPSRFSGSKDASANAGILLISGLQSEDEADYYCMIWHSQATVFGGGTKLTVL,1.6671700477600098,27
EVQLVESGGGLVQPGRSLRLSCAASGFHFDQYAMHWVRQAPGKGLEWVSGISWNGGSHGYADSVEGRFTISRDNAENSLYLQMNSLRAEDTALYYCAKVGKGGGYFDHWGQGTLVTVSSGGGGSGGGGSGGGGSQAVLTQPSSLSASPGASVSLTCSVESVMGIGSYQIYWYQQKPGSPPQYLLRHKTDKDVRDGGSIPSRFSGSKDASANAGILLISGLQSEDEADYYCMIWHSQATVFGGGTKLTVL,1.6683919429779053,27
EVQLVESGGGLVQPGRSLRLSCAASGFHFDQYAMHWVRQAPGKGLEWVSGISWNGGSHGYADSVEGRFTISRDNAENSLYLQMNSLRAEDTALYYCAKVGKGGGYFDHWGQGTLVTVSSGGGGSGGGGSGGGGSQAVLTQPSSLSASPGASVSLTCSVESVMGIGQYRIYWYQQKPGSPPQYLLRQRTGKEVHEGSSAPSRFSGSKDASANAGILLISGLQSEDEADYYCMIWHSQATIFGGGTKLTVL,1.6696498394012451,29
EVQLVESGGGLVQPGRSLRLSCAASGFHFDQYAMHWVRQAPGKGLEWVSGISWNGGSHGYADSVEGRFTISRDNAENSLYLQMNSLRAEDTALYYCAKVGKGGGYFDHWGQGTLVTVSSGGGGSGGGGSGGGGSQAVLTQPSSLSASPGASVSLTCSVESVMGIGSYQIYWYQQKPGSPPQYLLRHRTDKDVREGSSIPSRFSGSKDASANAGILLISGLQSEDEADYYCMIWHSQATVFGGGTKLTVL,1.6726446151733398,27
EVQLVESGGGLVQPGRSLRLSCAASGFHFDQYAMHWVRQAPGKGLEWVSGISWNGGSHGYADSVEGRFTISRDNAENSLYLQMNSLRAEDTALYYCAKVGKGGGYFDHWGQGTLVTVSSGGGGSGGGGSGGGGSQAVLTQPSSLSASPGASVSLTCSVESVMGIGSYQIYWYQQKPGSPPQYLLRHKTDKDVRDGGSIPSRFSGSKDASANAGILLISGLQSEDEADYYCMIWHSQATIFGGGTKLTVL,1.6731994152069092,28
EVQLVESGGGLVQPGRSLRLSCAASGFHFDQYAMHWVRQAPGKGLEWVSGISWNGGSHGYADSVEGRFTISRDNAENSLYLQMNSLRAEDTALYYCAKVGKGGGYFDHWGQGTLVTVSSGGGGSGGGGSGGGGSQAVLTQPSSLSASPGASVSLTCSVESVMGIGSYQIYWYQQKPGSPPQYLLRHKTDKDVQDGGSIPSRFSGSKDASANAGILLISGLQSEDEADYYCMIWHSQATIFGGGTKLTVL,1.6746951341629028,27
EVQLVESGGGLVQPGRSLRLSCAASGFHFDQYAMHWVRQAPGKGLEWVSGISWNGGSHGYADSVEGRFTISRDNAENSLYLQMNSLRAEDTALYYCAKVGKGGGYFDHWGQGTLVTVSSGGGGSGGGGSGGGGSQAVLTQPSSLSASPGASVSLTCSVESVMGIGSYQIYWYQQKPGSPPQYLLRHKTDKDVRDGSSMPSRFSGSKDASANAGILLISGLQSEDEADYYCMIWHSQATVFGGGTKLTVL,1.6762770414352417,26
EVQLVESGGGLVQPGRSLRLSCAASGFHFDQYAMHWVRQAPGKGLEWVSGISWNGGSHGYADSVEGRFTISRDNAENSLYLQMNSLRAEDTALYYCAKVGKGGGYFDHWGQGTLVTVSSGGGGSGGGGSGGGGSQAVLTQPSSLSASPGASVSLTCSVESVMGIGQYRIYWYQQKPGSPPQYLLRHRTGKDVHEGSSIPSRFSGSKDASANAGILLISGLQSEDEADYYCMIWHSQATVFGGGTKLTVL,1.6768457889556885,27
EVQLVESGGGLVQPGRSLRLSCAASGFHFDQYAMHWVRQAPGKGLEWVSGISWNGGSHGYADSVEGRFTISRDNAENSLYLQMNSLRAEDTALYYCAKVGKGGGYFDHWGQGTLVTVSSGGGGSGGGGSGGGGSQAVLTQPSSLSASPGASVSLTCSVESVMGIGSYQIYWYQQKPGSPPQYLLRHRTDKDVRDGSSMPSRFSGSKDASANAGILLISGLQSEDEADYYCMIWHSQATVFGGGTKLTVL,1.6774038076400757,27
EVQLVESGGGLVQPGRSLRLSCAASGFHFDQYAMHWVRQAPGKGLEWVSGISWNGGSHGYADSVEGRFTISRDNAENSLYLQMNSLRAEDTALYYCAKVGKGGGYFDHWGQGTLVTVSSGGGGSGGGGSGGGGSQAVLTQPSSLSASPGASVSLTCSVESVMGIGSYQIYWYQQKPGSPPQYLLRHRTGKDVHEGSSVPSRFSGSKDASANAGILLISGLQSEDEADYYCMIWHSQATVFGGGTKLTVL,1.6781479120254517,27
EVQLVESGGGLVQPGRSLRLSCAASGFHFDQYAMHWVRQAPGKGLEWVSGISWNGGSHGYADSVEGRFTISRDNAENSLYLQMNSLRAEDTALYYCAKVGKGGGYFDHWGQGTLVTVSSGGGGSGGGGSGGGGSQAVLTQPSSLSASPGASVSLTCSVESVMGIGSYQIYWYQQKPGSPPQYLLRHKTDKDTREGSSIPSRFSGSKDASANAGILLISGLQSEDEADYYCMIWHSQATVFGGGTKLTVL,1.6783943176269531,26
EVQLVESGGGLVQPGRSLRLSCAASGFHFDQYAMHWVRQAPGKGLEWVSGISWNGGSHGYADSVEGRFTISRDNAENSLYLQMNSLRAEDTALYYCAKVGKGGGYFDHWGQGTLVTVSSGGGGSGGGGSGGGGSQAVLTQPSSLSASPGASVSLTCSVESVMGIGSYQIYWYQQKPGSPPQYLLRHRTDKDVRDGSSIPSRFSGSKDASANAGILLISGLQSEDEADYYCMIWHSQATVFGGGTKLTVL,1.6784484386444092,27
EVQLVESGGGLVQPGRSLRLSCAASGFHFDQYAMHWVRQAPGKGLEWVSGISWNGGSHGYADSVEGRFTISRDNAENSLYLQMNSLRAEDTALYYCAKVGKGGGYFDHWGQGTLVTVSSGGGGSGGGGSGGGGSQAVLTQPSSLSASPGASVSLTCSVESVMGIGSYQIYWYQQKPGSPPQYLLRHKTDSDVQERGSVPSRFSGSKDASANAGILLISGLQSEDEADYYCMIWHSQATIFGGGTKLTVL,1.6796848773956299,26
EVQLVESGGGLVQPGRSLRLSCAASGFHFDQYAMHWVRQAPGKGLEWVSGISWNGGSHGYADSVEGRFTISRDNAENSLYLQMNSLRAEDTALYYCAKVGKGGGYFDHWGQGTLVTVSSGGGGSGGGGSGGGGSQAVLTQPSSLSASPGASVSLTCSVESVMGIGSYQIYWYQQKPGSPPQYLLRHKTDRDTRDGSSIPSRFSGSKDASANAGILLISGLQSEDEADYYCMIWHSQATVFGGGTKLTVL,1.6827902793884277,26
EVQLVESGGGLVQPGRSLRLSCAASGFHFDQYAMHWVRQAPGKGLEWVSGISWNGGSHGYADSVEGRFTISRDNAENSLYLQMNSLRAEDTALYYCAKVGKGGGYFDHWGQGTLVTVSSGGGGSGGGGSGGGGSQAVLTQPSSLSASPGASVSLTCSVESVMGIGSYQIYWYQQKPGSPPQYLLRHKTDRDVHEGGSVPSRFSGSKDASANAGILLISGLQSEDEADYYCMIWHSQATIFGGGTKLTVL,1.6829349994659424,27
EVQLVESGGGLVQPGRSLRLSCAASGFHFDQYAMHWVRQAPGKGLEWVSGISWNGGSHGYADSVEGRFTISRDNAENSLYLQMNSLRAEDTALYYCAKVGKGGGYFDHWGQGTLVTVSSGGGGSGGGGSGGGGSQAVLTQPSSLSASPGASVSLTCSVESVMGIGSYQIYWYQQKPGSPPQYLLRHKTDKDVKDGGSIPSRFSGSKDASANAGILLISGLQSEDEADYYCMIWHSQATIFGGGTKLTVL,1.6831426620483398,28
EVQLVESGGGLVQPGRSLRLSCAASGFHFDQYAMHWVRQAPGKGLEWVSGISWNGGSHGYADSVEGRFTISRDNAENSLYLQMNSLRAEDTALYYCAKVGKGGGYFDHWGQGTLVTVSSGGGGSGGGGSGGGGSQAVLTQPSSLSASPGASVSLTCSVESVMGIGSYQIYWYQQKPGSPPQYLLRHKTDRDTREGSSIPSRFSGSKDASANAGILLISGLQSEDEADYYCMIWHSQATVFGGGTKLTVL,1.6854134798049927,26
EVQLVESGGGLVQPGRSLRLSCAASGFHFDQYAMHWVRQAPGKGLEWVSGISWNGGSHGYADSVEGRFTISRDNAENSLYLQMNSLRAEDTALYYCAKVGKGGGYFDHWGQGTLVTVSSGGGGSGGGGSGGGGSQAVLTQPSSLSASPGASVSLTCSVESVMGIGSYRIYWYQQKPGSPPQYLLRHRTGKDVHEGSSIPSRFSGSKDASANAGILLISGLQSEDEADYYCMIWHSQATVFGGGTKLTVL,1.6867061853408813,27
EVQLVESGGGLVQPGRSLRLSCAASGFHFDQYAMHWVRQAPGKGLEWVSGISWNGGSHGYADSVEGRFTISRDNAENSLYLQMNSLRAEDTALYYCAKVGKGGGYFDHWGQGTLVTVSSGGGGSGGGGSGGGGSQAVLTQPSSLSASPGASVSLTCSVESVMGIGSYQIYWYQQKPGSPPQYLLRHKTDKDVREGGSIPSRFSGSKDASANAGILLISGLQSEDEADYYCMIWHSQATVFGGGTKLTVL,1.6867272853851318,27
EVQLVESGGGLVQPGRSLRLSCAASGFHFDQYAMHWVRQAPGKGLEWVSGISWNGGSHGYADSVEGRFTISRDNAENSLYLQMNSLRAEDTALYYCAKVGKGGGYFDHWGQGTLVTVSSGGGGSGGGGSGGGGSQAVLTQPSSLSASPGASVSLTCSVESVMGIGSYQIYWYQQKPGSPPQYLLRHKTDKDVREGSSMPSRFSGSKDASANAGILLISGLQSEDEADYYCMIWHSQATVFGGGTKLTVL,1.6875442266464233,26
EVQLVESGGGLVQPGRSLRLSCAASGFHFDQYAMHWVRQAPGKGLEWVSGISWNGGSHGYADSVEGRFTISRDNAENSLYLQMNSLRAEDTALYYCAKVGKGGGYFDHWGQGTLVTVSSGGGGSGGGGSGGGGSQAVLTQPSSLSASPGASVSLTCSVDSVMGIGSYQIYWYQQKPGSPPQYLLRHKTDQDVHERGSVPSRFSGSKDASANAGILLISGLQSEDEADYYCMIWHSQATIFGGGTKLTVL,1.689542293548584,28
EVQLVESGGGLVQPGRSLRLSCAASGFHFDQYAMHWVRQAPGKGLEWVSGISWNGGSHGYADSVEGRFTISRDNAENSLYLQMNSLRAEDTALYYCAKVGKGGGYFDHWGQGTLVTVSSGGGGSGGGGSGGGGSQAVLTQPSSLSASPGASVSLTCSVESVMGIGSYQIYWYQQKPGSPPQYLLRHKTDRDTKDGSSIPSRFSGSKDASANAGILLISGLQSEDEADYYCMIWHSQATVFGGGTKLTVL,1.689836859703064,26
EVQLVESGGGLVQPGRSLRLSCAASGFHFDQYAMHWVRQAPGKGLEWVSGISWNGGSHGYADSVEGRFTISRDNAENSLYLQMNSLRAEDTALYYCAKVGKGGGYFDHWGQGTLVTVSSGGGGSGGGGSGGGGSQAVLTQPSSLSASPGASVSLTCSVESVMGIGSYQIYWYQQKPGSPPQYLLRHKTDQDVHERGSVPSRFSGSKDASANAGILLISGLQSEDEADYYCMIWHSQATIFGGGTKLTVL,1.6901378631591797,28
EVQLVESGGGLVQPGRSLRLSCAASGFHFDQYAMHWVRQAPGKGLEWVSGISWNGGSHGYADSVEGRFTISRDNAENSLYLQMNSLRAEDTALYYCAKVGKGGGYFDHWGQGTLVTVSSGGGGSGGGGSGGGGSQAVLTQPSSLSASPGASVSLTCSVESVMGIGSYQIYWYQQKPGSPPQYLLRHKTGKDVREGSSIPSRFSGSKDASANAGILLISGLQSEDEADYYCMIWHSQATVFGGGTKLTVL,1.6913411617279053,27
EVQLVESGGGLVQPGRSLRLSCAASGFHFDQYAMHWVRQAPGKGLEWVSGISWNGGSHGYADSVEGRFTISRDNAENSLYLQMNSLRAEDTALYYCAKVGKGGGYFDHWGQGTLVTVSSGGGGSGGGGSGGGGSQAVLTQPSSLSASPGASVSLTCSVESVMGIGSYQIYWYQQKPGSPPQYLLRHKTDKDVKDGGSVPSRFSGSKDASANAGILLISGLQSEDEADYYCMIWHSQATIFGGGTKLTVL,1.6925718784332275,27
EVQLVESGGGLVQPGRSLRLSCAASGFHFDQYAMHWVRQAPGKGLEWVSGISWNGGSHGYADSVEGRFTISRDNAENSLYLQMNSLRAEDTALYYCAKVGKGGGYFDHWGQGTLVTVSSGGGGSGGGGSGGGGSQAVLTQPSSLSASPGASVSLTCSVESVMGIGSYQIYWYQQKPGSPPQYLLRHKTDRDVHERGSVPSRFSGSKDASANAGILLISGLQSEDEADYYCMIWHSQATIFGGGTKLTVL,1.692744255065918,28
EVQLVESGGGLVQPGRSLRLSCAASGFHFDQYAMHWVRQAPGKGLEWVSGISWNGGSHGYADSVEGRFTISRDNAENSLYLQMNSLRAEDTALYYCAKVGKGGGYFDHWGQGTLVTVSSGGGGSGGGGSGGGGSQAVLTQPSSLSASPGASVSLTCSVESVMGIGSYQIYWYQQKPGSPPQYLLRHKTDKDVHDGGSVPSRFSGSKDASANAGILLISGLQSEDEADYYCMIWHSQATIFGGGTKLTVL,1.6930537223815918,27
EVQLVESGGGLVQPGRSLRLSCAASGFHFDQYAMHWVRQAPGKGLEWVSGISWNGGSHGYADSVEGRFTISRDNAENSLYLQMNSLRAEDTALYYCAKVGKGGGYFDHWGQGTLVTVSSGGGGSGGGGSGGGGSQAVLTQPSSLSASPGASVSLTCSVESVMGIGSYQIYWYQQKPGSPPQYLLRHKTDRDTREGGSIPSRFSGSKDASANAGILLISGLQSEDEADYYCMIWHSQATVFGGGTKLTVL,1.6933088302612305,27
EVQLVESGGGLVQPGRSLRLSCAASGFHFDQYAMHWVRQAPGKGLEWVSGISWNGGSHGYADSVEGRFTISRDNAENSLYLQMNSLRAEDTALYYCAKVGKGGGYFDHWGQGTLVTVSSGGGGSGGGGSGGGGSQAVLTQPSSLSASPGASVSLTCSVESVMGIGSYQIYWYQQKPGSPPQYLLRHKTDQDVHEGGSVPSRFSGSKDASANAGILLISGLQSEDEADYYCMIWHSQATIFGGGTKLTVL,1.6936676502227783,27
EVQLVESGGGLVQPGRSLRLSCAASGFHFDQYAMHWVRQAPGKGLEWVSGISWNGGSHGYADSVEGRFTISRDNAENSLYLQMNSLRAEDTALYYCAKVGKGGGYFDHWGQGTLVTVSSGGGGSGGGGSGGGGSQAVLTQPSSLSASPGASVSLTCSVESVMGIGSYRIYWYQQKPGSPPQYLLRHRTGKDVHEGSSVPSRFSGSKDASANAGILLISGLQSEDEADYYCMIWHSQATVFGGGTKLTVL,1.6939873695373535,26
EVQLVESGGGLVQPGRSLRLSCAASGFHFDQYAMHWVRQAPGKGLEWVSGISWNGGSHGYADSVEGRFTISRDNAENSLYLQMNSLRAEDTALYYCAKVGKGGGYFDHWGQGTLVTVSSGGGGSGGGGSGGGGSQAVLTQPSSLSASPGASVSLTCSVESVMGIGSYQIYWYQQKPGSPPQYLLRHKTDRDVREGGSIPSRFSGSKDASANAGILLISGLQSEDEADYYCMIWHSQATVFGGGTKLTVL,1.6944142580032349,27
EVQLVESGGGLVQPGRSLRLSCAASGFHFDQYAMHWVRQAPGKGLEWVSGISWNGGSHGYADSVEGRFTISRDNAENSLYLQMNSLRAEDTALYYCAKVGKGGGYFDHWGQGTLVTVSSGGGGSGGGGSGGGGSQAVLTQPSSLSASPGASVSLTCSVESVMNIGSYQIYWYQQKPGSPPQYLLRHKTDKDVREGGSIPSRFSGSKDASANAGILLISGLQSEDEADYYCMIWHSQATVFGGGTKLTVL,1.6958630084991455,26
EVQLVESGGGLVQPGRSLRLSCAASGFHFDQYAMHWVRQAPGKGLEWVSGISWNGGSHGYADSVEGRFTISRDNAENSLYLQMNSLRAEDTALYYCAKVGKGGGYFDHWGQGTLVTVSSGGGGSGGGGSGGGGSQAVLTQPSSLSASPGASVSLTCSVESVMGIGSYQIYWYQQKPGSPPQYLLRHKTDQDVSERGSVPSRFSGSKDASANAGILLISGLQSEDEADYYCMIWHSQATIFGGGTKLTVL,1.6959912776947021,28
EVQLVESGGGLVQPGRSLRLSCAASGFHFDQYAMHWVRQAPGKGLEWVSGISWNGGSHGYADSVEGRFTISRDNAENSLYLQMNSLRAEDTALYYCAKVGKGGGYFDHWGQGTLVTVSSGGGGSGGGGSGGGGSQAVLTQPSSLSASPGASVSLTCNVESVMGIGSYQIYWYQQKPGSPPQYLLRHKTDSDVQERGSVPSRFSGSKDASANAGILLISGLQSEDEADYYCMIWHSQATIFGGGTKLTVL,1.696462631225586,26
EVQLVESGGGLVQPGRSLRLSCAASGFHFDQYAMHWVRQAPGKGLEWVSGISWNGGSHGYADSVEGRFTISRDNAENSLYLQMNSLRAEDTALYYCAKVGKGGGYFDHWGQGTLVTVSSGGGGSGGGGSGGGGSQAVLTQPSSLSASPGASVSLTCSVESVMGIGSYQIYWYQQKPGSPPQYLLRHKTDKDTREGSSMPSRFSGSKDASANAGILLISGLQSEDEADYYCMIWHSQATVFGGGTKLTVL,1.6969714164733887,26
EVQLVESGGGLVQPGRSLRLSCAASGFHFDQYAMHWVRQAPGKGLEWVSGISWNGGSHGYADSVEGRFTISRDNAENSLYLQMNSLRAEDTALYYCAKVGKGGGYFDHWGQGTLVTVSSGGGGSGGGGSGGGGSQAVLTQPSSLSASPGASVSLTCSVESVMGIGSYQIYWYQQKPGSPPQYLLRHKTDRDTKYGSSIPSRFSGSKDASANAGILLISGLQSEDEADYYCMIWHSQATVFGGGTKLTVL,1.6993341445922852,26
EVQLVESGGGLVQPGRSLRLSCAASGFHFDQYAMHWVRQAPGKGLEWVSGISWNGGSHGYADSVEGRFTISRDNAENSLYLQMNSLRAEDTALYYCAKVGKGGGYFDHWGQGTLVTVSSGGGGSGGGGSGGGGSQAVLTQPSSLSASPGASVSLTCSVESVMGIGSYQIYWYQQKPGSPPQYLLRHKTDRDTKEGSSIPSRFSGSKDASANAGILLISGLQSEDEADYYCMIWHSQATVFGGGTKLTVL,1.699575424194336,26
EVQLVESGGGLVQPGRSLRLSCAASGFHFDQYAMHWVRQAPGKGLEWVSGISWNGGSHGYADSVEGRFTISRDNAENSLYLQMNSLRAEDTALYYCAKVGKGGGYFDHWGQGTLVTVSSGGGGSGGGGSGGGGSQAVLTQPSSLSASPGASVSLTCSVESVMGIGSYQIYWYQQKPGSPPQYLLRHRTDKDVRDGSSIPSRFSGSKDASANAGILLISGLQSEDEADYYCMIWHTQATVFGGGTKLTVL,1.70218825340271,28
EVQLVESGGGLVQPGRSLRLSCAASGFHFDQYAMHWVRQAPGKGLEWVSGISWNGGSHGYADSVEGRFTISRDNAENSLYLQMNSLRAEDTALYYCAKVGKGGGYFDHWGQGTLVTVSSGGGGSGGGGSGGGGSQAVLTQPSSLSASPGASVSLTCSVESVMGIGSYQIYWYQQKPGSPPQYLLRHKTDRDVHDGGSVPSRFSGSKDASANAGILLISGLQSEDEADYYCMIWHSQATIFGGGTKLTVL,1.7034238576889038,27
EVQLVESGGGLVQPGRSLRLSCAASGFHFDQYAMHWVRQAPGKGLEWVSGISWNGGSHGYADSVEGRFTISRDNAENSLYLQMNSLRAEDTALYYCAKVGKGGGYFDHWGQGTLVTVSSGGGGSGGGGSGGGGSQAVLTQPSSLSASPGASVSLTCSVESVMGIGSYQIYWYQQKPGSPPQYLLRHKTDNDVREGGSIPSRFSGSKDASANAGILLISGLQSEDEADYYCMIWHSQATVFGGGTKLTVL,1.705316185951233,27
EVQLVESGGGLVQPGRSLRLSCAASGFHFDQYAMHWVRQAPGKGLEWVSGISWNGGSHGYADSVEGRFTISRDNAENSLYLQMNSLRAEDTALYYCAKVGKGGGYFDHWGQGTLVTVSSGGGGSGGGGSGGGGSQAVLTQPSSLSASPGASVSLTCSVESVMGIGSYQIYWYQQKPGSPPQYLLRHRTDKDVRDGSSMPSRFSGSKDASANAGILLISGLQSEDEADYYCMIWHTQATVFGGGTKLTVL,1.7056763172149658,28
EVQLVESGGGLVQPGRSLRLSCAASGFHFDQYAMHWVRQAPGKGLEWVSGISWNGGSHGYADSVEGRFTISRDNAENSLYLQMNSLRAEDTALYYCAKVGKGGGYFDNWGQGTLVTVSSGGGGSGGGGSGGGGSQAVLTQPSSLSASPGASVSLTCEVESVMGIGSYQIYWYQQKPGSPPQYLLRHKSDSDVQERSSVPSRFSGSKDASANAGILLISGLQSEDEADYYCMIWHSGATIFGGGTKLTVL,1.7060755491256714,24
EVQLVESGGGLVQPGRSLRLSCAASGFHFDQYAMHWVRQAPGKGLEWVSGISWNGGSHGYADSVEGRFTISRDNAENSLYLQMNSLRAEDTALYYCAKVGKGGGYFDHWGQGTLVTVSSGGGGSGGGGSGGGGSQAVLTQPSSLSASPGASVSLTCNVESVMGIGSYQIYWYQQKPGSPPQYLLRHKSDSDVQERGSVPSRFSGSKDASANAGILLISGLQSEDEADYYCMIWHSQATIFGGGTKLTVL,1.7065472602844238,25
EVQLVESGGGLVQPGRSLRLSCAASGFHFDQYAMHWVRQAPGKGLEWVSGISWNGGSHGYADSVEGRFTISRDNAENSLYLQMNSLRAEDTALYYCAKVGKGGGYFDNWGQGTLVTVSSGGGGSGGGGSGGGGSQAVLTQPSSLSASPGASVSLTCTVESVMGIGSYQIYWYQQKPGSPPQYLLRHKSDNDIQERSSVPSRFSGSKDASANAGILLISGLQSEDEADYYCMIWHSGATIFGGGTKLTVL,1.7069194316864014,24
EVQLVESGGGLVQPGRSLRLSCAASGFHFDQYAMHWVRQAPGKGLEWVSGISWNGGSHGYADSVEGRFTISRDNAENSLYLQMNSLRAEDTALYYCAKVGKGGGYFDHWGQGTLVTVSSGGGGSGGGGSGGGGSQAVLTQPSSLSASPGASVSLTCSVESVMGIGSYQIYWYQQKPGSPPQYLLRHKTGKDVHEGSSVPSRFSGSKDASANAGILLISGLQSEDEADYYCMIWHSQATVFGGGTKLTVL,1.708524465560913,26
EVQLVESGGGLVQPGRSLRLSCAASGFHFDQYAMHWVRQAPGKGLEWVSGISWNGGSHGYADSVEGRFTISRDNAENSLYLQMNSLRAEDTALYYCAKVGKGGGYFDHWGQGTLVTVSSGGGGSGGGGSGGGGSQAVLTQPSSLSASPGASVSLTCTVESVMGIGSYQIYWYQQKPGSPPQYLLRHKSDNDIQERSSVPSRFSGSKDASANAGILLISGLQSEDEADYYCMIWHSGATIFGGGTKLTVL,1.7089595794677734,24
EVQLVESGGGLVQPGRSLRLSCAASGFHFDQYAMHWVRQAPGKGLEWVSGISWNGGSHGYADSVEGRFTISRDNAENSLYLQMNSLRAEDTALYYCAKVGKGGGYFDHWGQGTLVTVSSGGGGSGGGGSGGGGSQAVLTQPSSLSASPGASVSLTCSVESVMGIGSYQIYWYQQKPGSPPQYLLRHKTDSDVSERGSVPSRFSGSKDASANAGILLISGLQSEDEADYYCMIWHSQATIFGGGTKLTVL,1.7093768119812012,27
EVQLVESGGGLVQPGRSLRLSCAASGFHFDQYAMHWVRQAPGKGLEWVSGISWNGGSHGYADSVEGRFTISRDNAENSLYLQMNSLRAEDTALYYCAKVGKGGGYFDHWGQGTLVTVSSGGGGSGGGGSGGGGSQAVLTQPSSLSASPGASVSLTCSVESVMGIGSYQIYWYQQKPGSPPQYLLRHKTGKDVREGSSVPSRFSGSKDASANAGILLISGLQSEDEADYYCMIWHSQATVFGGGTKLTVL,1.7099661827087402,26
EVQLVESGGGLVQPGRSLRLSCAASGFHFDQYAMHWVRQAPGKGLEWVSGISWNGGSHGYADSVEGRFTISRDNAENSLYLQMNSLRAEDTALYYCAKVGKGGGYFDHWGQGTLVTVSSGGGGSGGGGSGGGGSQAVLTQPSSLSASPGASVSLTCTLDSGMGLGSYRIYWYQQKPGSPPQYLLRHKSDNDKQERSSVPSRFSGSKDASANAGILLISGLQSEDEADYYCMIWHSGATIFGGGTKLTVL,1.7113008499145508,20
EVQLVESGGGLVQPGRSLRLSCAASGFHFDQYAMHWVRQAPGKGLEWVSGISWNGGSHGYADSVEGRFTISRDNAENSLYLQMNSLRAEDTALYYCAKVGKGGGYFDHWGQGTLVTVSSGGGGSGGGGSGGGGSQAVLTQPSSLSASPGASVSLTCTVESVMGLGSYQIYWYQQKPGSPPQYLLRHKSDNDIQERSSVPSRFSGSKDASANAGILLISGLQSEDEADYYCMIWHSGATIFGGGTKLTVL,1.7118332386016846,24
EVQLVESGGGLVQPGRSLRLSCAASGFHFDQYAMHWVRQAPGKGLEWVSGISWNGGSHGYADSVEGRFTISRDNAENSLYLQMNSLRAEDTALYYCAKVGKGGGYFDNWGQGTLVTVSSGGGGSGGGGSGGGGSQAVLTQPSSLSASPGASVSLTCEVESVMGIGSYQIYWYQQKPGSPPQYLLRHKSDSDIQERSSVPSRFSGSKDASANAGILLISGLQSEDEADYYCMIWHSGATIFGGGTKLTVL,1.712846279144287,24
EVQLVESGGGLVQPGRSLRLSCAASGFHFDQYAMHWVRQAPGKGLEWVSGISWNGGSHGYADSVEGRFTISRDNAENSLYLQMNSLRAEDTALYYCAKVGKGGGYFDHWGQGTLVTVSSGGGGSGGGGSGGGGSQAVLTQPSSLSASPGASVSLTCTVESVMGLGSYRIYWYQQKPGSPPQYLLRHKSDNDIQERSSVPSRFSGSKDASANAGILLISGLQSEDEADYYCMIWHSGATIFGGGTKLTVL,1.713395357131958,23
EVQLVESGGGLVQPGRSLRLSCAASGFHFDQYAMHWVRQAPGKGLEWVSGISWNGGSHGYADSVEGRFTISRDNAENSLYLQMNSLRAEDTALYYCAKVGKGGGYFDHWGQGTLVTVSSGGGGSGGGGSGGGGSQAVLTQPSSLSASPGASVSLTCSVDSVMGIGSYQIYWYQQKPGSPPQYLLRHKTDQDVHEGGSVPSRFSGSKDASANAGILLISGLQSEDEADYYCMIWHSQATIFGGGTKLTVL,1.7135722637176514,27
EVQLVESGGGLVQPGRSLRLSCAASGFHFDQYAMHWVRQAPGKGLEWVSGISWNGGSHGYADSVEGRFTISRDNAENSLYLQMNSLRAEDTALYYCAKVGKGGGYFDHWGQGTLVTVSSGGGGSGGGGSGGGGSQAVLTQPSSLSASPGASVSLTCTLESGIGIGSYRIYWYQQKPGSPPQYLLRHKSDNDKQERSSVPSRFSGSKDASANAGILLISGLQSEDEADYYCMIWHSEATVFGGGTKLTVL,1.714500904083252,18
EVQLVESGGGLVQPGRSLRLSCAASGFHFDQYAMHWVRQAPGKGLEWVSGISWNGGSHGYADSVEGRFTISRDNAENSLYLQMNSLRAEDTALYYCAKVGKGGGYFDHWGQGTLVTVSSGGGGSGGGGSGGGGSQAVLTQPSSLSASPGASVSLTCNVESVMGIGSYQIYWYQQKPGSPPQYLLRHKSDSDVQERGSVPSRFSGSKDASANAGILLISGLQSEDEADYYCMIWHSGATIFGGGTKLTVL,1.7153534889221191,25
EVQLVESGGGLVQPGRSLRLSCAASGFHFDQYAMHWVRQAPGKGLEWVSGISWNGGSHGYADSVEGRFTISRDNAENSLYLQMNSLRAEDTALYYCAKVGKGGGYFDHWGQGTLVTVSSGGGGSGGGGSGGGGSQAVLTQPSSLSASPGASVSLTCTLESGIGIGSYRIYWYQQKPGSPPQYLLRHKSDSDKQERSSVPSRFSGSKDASANAGILLISGLQSEDEADYYCMIWHSEATVFGGGTKLTVL,1.7157198190689087,17
EVQLVESGGGLVQPGRSLRLSCAASGFHFDQYAMHWVRQAPGKGLEWVSGISWNGGSHGYADSVEGRFTISRDNAENSLYLQMNSLRAEDTALYYCAKVGKGGGYFDHWGQGTLVTVSSGGGGSGGGGSGGGGSQAVLTQPSSLSASPGASVSLTCTVESVMGLGSYRIYWYQQKPGSPPQYLLRHKSDNDKQERSSVPSRFSGSKDASANAGILLISGLQSEDEADYYCMIWHSGATIFGGGTKLTVL,1.7165848016738892,22
EVQLVESGGGLVQPGRSLRLSCAASGFHFDQYAMHWVRQAPGKGLEWVSGISWNGGSHGYADSVEGRFTISRDNAENSLYLQMNSLRAEDTALYYCAKVGKGGGYFDHWGQGTLVTVSSGGGGSGGGGSGGGGSQAVLTQPSSLSASPGASVSLTCNVESVMGIGSYQIYWYQQKPGSPPQYLLRHKSDSDVQERSSVPSRFSGSKDASANAGILLISGLQSEDEADYYCMIWHSGATIFGGGTKLTVL,1.7169530391693115,24
EVQLVESGGGLVQPGRSLRLSCAASGFHFDQYAMHWVRQAPGKGLEWVSGISWNGGSHGYADSVEGRFTISRDNAENSLYLQMNSLRAEDTALYYCAKVGKGGGYFDHWGQGTLVTVSSGGGGSGGGGSGGGGSQAVLTQPSSLSASPGASVSLTCTLRSGIGIGSYRIYWYQQKPGSPPQYLLRHKSDSDKQERSSVPSRFSGSKDASANAGILLISGLQSEDEADYYCMIWHSEATVFGGGTKLTVL,1.7174792289733887,16
EVQLVESGGGLVQPGRSLRLSCAASGFHFDQYAMHWVRQAPGKGLEWVSGISWNGGSHGYADSVEGRFTISRDNAENSLYLQMNSLRAEDTALYYCAKVGKGGGYFDNWGQGTLVTVSSGGGGSGGGGSGGGGSQAVLTQPSSLSASPGASVSLTCNVESVMGIGSYQIYWYQQKPGSPPQYLLRHKSDSDVQERSSVPSRFSGSKDASANAGILLISGLQSEDEADYYCMIWHSGATIFGGGTKLTVL,1.7179412841796875,24
EVQLVESGGGLVQPGRSLRLSCAASGFHFDQYAMHWVRQAPGKGLEWVSGISWNGGSHGYADSVEGRFTISRDNAENSLYLQMNSLRAEDTALYYCAKVGKGGGYFDHWGQGTLVTVSSGGGGSGGGGSGGGGSQAVLTQPSSLSASPGASVSLTCTLDSGMGIGSYRIYWYQQKPGSPPQYLLRHKSDNDKQERSSVPSRFSGSKDASANAGILLISGLQSEDEADYYCMIWHSGATIFGGGTKLTVL,1.7190004587173462,20
EVQLVESGGGLVQPGRSLRLSCAASGFHFDQYAMHWVRQAPGKGLEWVSGISWNGGSHGYADSVEGRFTISRDNAENSLYLQMNSLRAEDTALYYCAKVGKGGGYFDHWGQGTLVTVSSGGGGSGGGGSGGGGSQAVLTQPSSLSASPGASVSLTCTLESGMGIGSYRIYWYQQKPGSPPQYLLRHKSDNDKQERSSVPSRFSGSKDASANAGILLISGLQSEDEADYYCMIWHSGATIFGGGTKLTVL,1.7190754413604736,20
EVQLVESGGGLVQPGRSLRLSCAASGFHFDQYAMHWVRQAPGKGLEWVSGISWNGGSHGYADSVEGRFTISRDNAENSLYLQMNSLRAEDTALYYCAKVGKGGGYFDNWGQGTLVTVSSGGGGSGGGGSGGGGSQAVLTQPSSLSASPGASVSLTCEVESVMGIGSYQIYWYQQKPGSPPQYLLRHKSDNDIQERSSVPSRFSGSKDASANAGILLISGLQSEDEADYYCMIWHSGATIFGGGTKLTVL,1.7207738161087036,25
EVQLVESGGGLVQPGRSLRLSCAASGFHFDQYAMHWVRQAPGKGLEWVSGISWNGGSHGYADSVEGRFTISRDNAENSLYLQMNSLRAEDTALYYCAKVGKGGGYFDHWGQGTLVTVSSGGGGSGGGGSGGGGSQAVLTQPSSLSASPGASVSLTCTVESAMGLGSYRIYWYQQKPGSPPQYLLRHKSDNDKQERSSVPSRFSGSKDASANAGILLISGLQSEDEADYYCMIWHSGATIFGGGTKLTVL,1.7221548557281494,22
EVQLVESGGGLVQPGRSLRLSCAASGFHFDQYAMHWVRQAPGKGLEWVSGISWNGGSHGYADSVEGRFTISRDNAENSLYLQMNSLRAEDTALYYCAKVGKGGGYFDHWGQGTLVTVSSGGGGSGGGGSGGGGSQAVLTQPSSLSASPGASVSLTCTLESGMGIGSYRIYWYQQKPGSPPQYLLRHKSDNDKQERSSVPSRFSGSKDASANAGILLISGLQSEDEADYYCMIWHSGATVFGGGTKLTVL,1.7222397327423096,19
EVQLVESGGGLVQPGRSLRLSCAASGFHFDQYAMHWVRQAPGKGLEWVSGISWNGGSHGYADSVEGRFTISRDNAENSLYLQMNSLRAEDTALYYCAKVGKGGGYFDHWGQGTLVTVSSGGGGSGGGGSGGGGSQAVLTQPSSLSASPGASVSLTCTVDSAMGLGSYRIYWYQQKPGSPPQYLLRHKSDNDKQERSSVPSRFSGSKDASANAGILLISGLQSEDEADYYCMIWHSGATIFGGGTKLTVL,1.7224290370941162,22
EVQLVESGGGLVQPGRSLRLSCAASGFHFDQYAMHWVRQAPGKGLEWVSGISWNGGSHGYADSVEGRFTISRDNAENSLYLQMNSLRAEDTALYYCAKVGKGGGYFDHWGQGTLVTVSSGGGGSGGGGSGGGGSQAVLTQPSSLSASPGASVSLTCTLRSGIGIGTYRIYWYQQKPGSPPQYLLRHKSDSDKQERSSVPSRFSGSKDASANAGILLISGLQSEDEADYYCMIWHSEATVFGGGTKLTVL,1.7234143018722534,15
EVQLVESGGGLVQPGRSLRLSCAASGFHFDQYAMHWVRQAPGKGLEWVSGISWNGGSHGYADSVEGRFTISRDNAENSLYLQMNSLRAEDTALYYCAKVGKGGGYFDHWGQGTLVTVSSGGGGSGGGGSGGGGSQAVLTQPSSLSASPGASVSLTCSVESVMGIGSYQIYWYQQKPGSPPQYLLRHKTDRDQHDGGSVPSRFSGSKDASANAGILLISGLQSEDEADYYCMIWHSQATIFGGGTKLTVL,1.7238130569458008,27
EVQLVESGGGLVQPGRSLRLSCAASGFHFDQYAMHWVRQAPGKGLEWVSGISWNGGSHGYADSVEGRFTISRDNAENSLYLQMNSLRAEDTALYYCAKVGKGGGYFDHWGQGTLVTVSSGGGGSGGGGSGGGGSQAVLTQPSSLSASPGASVSLTCTLESGMGIGSYRIYWYQQKPGSPPQYLLRHKSDNDKQERSSVPSRFSGSKDASANAGILLISGLQSEDEADYYCMIWHSEATVFGGGTKLTVL,1.7245934009552002,19
EVQLVESGGGLVQPGRSLRLSCAASGFHFDQYAMHWVRQAPGKGLEWVSGISWNGGSHGYADSVEGRFTISRDNAENSLYLQMNSLRAEDTALYYCAKVGKGGGYFDNWGQGTLVTVSSGGGGSGGGGSGGGGSQAVLTQPSSLSASPGASVSLTCEVESVMGIGSYQIYWYQQKPGSPPQYLLRHKSDSDVQYRSSVPSRFSGSKDASANAGILLISGLQSEDEADYYCMIWHSGATIFGGGTKLTVL,1.7265745401382446,24
EVQLVESGGGLVQPGRSLRLSCAASGFHFDQYAMHWVRQAPGKGLEWVSGISWNGGSHGYADSVEGRFTISRDNAENSLYLQMNSLRAEDTALYYCAKVGKGGGYFDHWGQGTLVTVSSGGGGSGGGGSGGGGSQAVLTQPSSLSASPGASVSLTCTVDSGMGLGSYRIYWYQQKPGSPPQYLLRHKSDNDKQERSSVPSRFSGSKDASANAGILLISGLQSEDEADYYCMIWHSGATIFGGGTKLTVL,1.7276690006256104,21
EVQLVESGGGLVQPGRSLRLSCAASGFHFDQYAMHWVRQAPGKGLEWVSGISWNGGSHGYADSVEGRFTISRDNAENSLYLQMNSLRAEDTALYYCAKVGKGGGYFDNWGQGTLVTVSSGGGGSGGGGSGGGGSQAVLTQPSSLSASPGASVSLTCQVESVMGIGSYQIYWYQQKPGSPPQYLLRHKSDNDIQERSSVPSRFSGSKDASANAGILLISGLQSEDEADYYCMIWHSGATIFGGGTKLTVL,1.7288289070129395,25
EVQLVESGGGLVQPGRSLRLSCAASGFHFDQYAMHWVRQAPGKGLEWVSGISWNGGSHGYADSVEGRFTISRDNAENSLYLQMNSLRAEDTALYYCAKVGKGGGYFDHWGQGTLVTVSSGGGGSGGGGSGGGGSQAVLTQPSSLSASPGASVSLTCTLRSGIEIGTYRIYWYQQKPGSPPQYLLRHKSDSDKQERSSVPSRFSGSKDASANAGILLISGLQSEDEADYYCMIWHSEATVFGGGTKLTVL,1.7290164232254028,15
EVQLVESGGGLVQPGRSLRLSCAASGFHFDQYAMHWVRQAPGKGLEWVSGISWNGGSHGYADSVEGRFTISRDNAENSLYLQMNSLRAEDTALYYCAKVGKGGGYFDHWGQGTLVTVSSGGGGSGGGGSGGGGSQAVLTQPSSLSASPGASVSLTCTLRSGIGIGSYRIYWYQQKPGSPPQYLLRHKSDSDKQDRSSVPSRFSGSKDASANAGILLISGLQSEDEADYYCMIWHSEATVFGGGTKLTVL,1.7304167747497559,16
EVQLVESGGGLVQPGRSLRLSCAASGFHFDQYAMHWVRQAPGKGLEWVSGISWNGGSHGYADSVEGRFTISRDNAENSLYLQMNSLRAEDTALYYCAKVGKGGGYFDNWGQGTLVTVSSGGGGSGGGGSGGGGSQAVLTQPSSLSASPGASVSLTCSVESVMGIGSYQIYWYQQKPGSPPQYLLRHKSDNDIQERSSVPSRFSGSKDASANAGILLISGLQSEDEADYYCMIWHSGATIFGGGTKLTVL,1.735999345779419,25
EVQLVESGGGLVQPGRSLRLSCAASGFHFDQYAMHWVRQAPGKGLEWVSGISWNGGSHGYADSVEGRFTISRDNAENSLYLQMNSLRAEDTALYYCAKVGKGGGYFDHWGQGTLVTVSSGGGGSGGGGSGGGGSQAVLTQPSSLSASPGASVSLTCTLRSGINIGTYRIYWYQQKPGSPPQYLLRHKSDSDKQERSSVPSRFSGSKDASANAGILLISGLQSEDEADYYCMIWHSEATVFGGGTKLTVL,1.7363851070404053,14
EVQLVESGGGLVQPGRSLRLSCAASGFHFDQYAMHWVRQAPGKGLEWVSGISWNGGSHGYADSVEGRFTISRDNAENSLYLQMNSLRAEDTALYYCAKVGKGGGYFDHWGQGTLVTVSSGGGGSGGGGSGGGGSQAVLTQPSSLSASPGASVSLTCTLRSGINIGTYRIYWYQQKPGSPPQYLLRHKSDSDKQERSSVPSRFSGSKDASANAGILLISGLQSEDEADYYCMIWHSKATVFGGGTKLTVL,1.7400281429290771,14
EVQLVESGGGLVQPGRSLRLSCAASGFHFDQYAMHWVRQAPGKGLEWVSGISWNGGSHGYADSVEGRFTISRDNAENSLYLQMNSLRAEDTALYYCAKVGKGGGYFDNWGQGTLVTVSSGGGGSGGGGSGGGGSQAVLTQPSSLSASPGASVSLTCHVESVMGIGSYQIYWYQQKPGSPPQYLLRHKSDNDIQERSSVPSRFSGSKDASANAGILLISGLQSEDEADYYCMIWHSGATIFGGGTKLTVL,1.740543007850647,25
EVQLVESGGGLVQPGRSLRLSCAASGFHFDQYAMHWVRQAPGKGLEWVSGISWNGGSHGYADSVEGRFTISRDNAENSLYLQMNSLRAEDTALYYCAKVGKGGGYFDHWGQGTLVTVSSGGGGSGGGGSGGGGSQAVLTQPSSLSASPGASVSLTCTLRSGINIGTYRIYWYQQKPGSPPQYLLRHKSDSDKQEGSSVPSRFSGSKDASANAGILLISGLQSEDEADYYCMIWHSKATVFGGGTKLTVL,1.743241786956787,13
EVQLVESGGGLVQPGRSLRLSCAASGFHFDQYAMHWVRQAPGKGLEWVSGISWNGGSHGYADSVEGRFTISRDNAENSLYLQMNSLRAEDTALYYCAKVGKGGGYFDHWGQGTLVTVSSGGGGSGGGGSGGGGSQAVLTQPSSLSASPGASVSLTCTLRSGIGIGTYRIYWYQQKPGSPPQYLLRHKSDSDKQDRSSVPSRFSGSKDASANAGILLISGLQSEDEADYYCMIWHSEATVFGGGTKLTVL,1.743300437927246,15
EVQLVESGGGLVQPGRSLRLSCAASGFHFDQYAMHWVRQAPGKGLEWVSGISWNGGSHGYADSVEGRFTISRDNAENSLYLQMNSLRAEDTALYYCAKVGKGGGYFDHWGQGTLVTVSSGGGGSGGGGSGGGGSQAVLTQPSSLSASPGASVSLTCTLRSGINIGTYRIYWYQQKPGSPPQYLLRHKSDSDKQEGSGVPSRFSGSKDASANAGILLISGLQSEDEADYYCMIWHSKATVFGGGTKLTVL,1.768095850944519,12
EVQLVESGGGLVQPGRSLRLSCAASGFHFDQYAMHWVRQAPGKGLEWVSGISWNGGSHGYADSVEGRFTISRDNAENSLYLQMNSLRAEDTALYYCAKVGKGGGYFDHWGQGTLVTVSSGGGGSGGGGSGGGGSQAVLTQPSSLSASPGASVSLTCTLRSGINIGTYRIYWYQQKPGSPPQYLLRHKSDSDKQQGSGVPSRFSGSKDASANAGILLISGLQSEDEADYYCMIWHSKATVFGGGTKLTVL,1.7724688053131104,11
EVQLVESGGGLVQPGRSLRLSCAASGFHFDQYAMHWVRQAPGKGLEWVSGISWNGGSHGYADSVKGRFTISRDNAENSLYLQMNSLRAEDTALYYCAKVGKGGGYFDHWGQGTLVTVSSGGGGSGGGGSGGGGSQAVLTQPSSLSASPGASVSLTCTLRSGINIGTYRIYWYQQKPGSPPQYLLRHKSDSDKQQGSGVPSRFSGSKDASANAGILLISGLQSEDEADYYCMIWHSKATVFGGGTKLTVL,1.789182424545288,10
EVQLVESGGGLVQPGRSLRLSCAASGFHFDQYAMHWVRQAPGKGLEWVSGISWNGGSHGYADSVKGRFTISRDNAENSLYLQMNSLRAEDTALYYCAKVGKGGGYFDHWGQGTLVTVSSGGGGSGGGGSGGGGSQAVLTQPSSLSASPGASVSLTCTLRSGINIGTYRIYWYQQKPGSPPQYLLRHKSDSDKQQGSGVPSRFSGSKDASANAGILLISGLQSEDEADYYCMIWHSKAWVFGGGTKLTVL,1.7957096099853516,9
EVQLVESGGGLVQPGRSLRLSCAASGFHFDQYAMHWVRQAPGKGLEWVSGISWNGGSHGYADSVKGRFTISRDNAENSLYLQMNSLRAEDTALYYCAKVGKGGGYFDHWGQGTLVTVSSGGGGSGGGGSGGGGSQAVLTQPSSLSASPGASVSLTCTLRSGINIGTYRIYWYQQKPGSPPQYLLRHKSDSDKQQGSGVPSRFSGSKDASANAGILLISGLQSEDEADYYCMIWHSSAWVFGGGTKLTVL,1.79676353931427,8
EVQLVESGGGLVQPGRSLRLSCAASGFHFDQYAMHWVRQAPGKGLEWVSGISWNGGSHGYADSVKGRFTISRDNAENSLYLQMNSLRAEDTALYYCAKVGRGGGYFDHWGQGTLVTVSSGGGGSGGGGSGGGGSQAVLTQPSSLSASPGASVSLTCTLRSGINIGTYRIYWYQQKPGSPPQYLLRHKSDSDKQQGSGVPSRFSGSKDASANAGILLISGLQSEDEADYYCMIWHSSAWVFGGGTKLTVL,1.8101215362548828,7
EVQLVESGGGLVQPGRSLRLSCAASGFHFDQYAMHWVRQAPGKGLEWVSGISWNSGSHGYADSVKGRFTISRDNAENSLYLQMNSLRAEDTALYYCAKVGRGGGYFDHWGQGTLVTVSSGGGGSGGGGSGGGGSQAVLTQPSSLSASPGASVSLTCTLRSGINIGTYRIYWYQQKPGSPPQYLLRHKSDSDKQQGSGVPSRFSGSKDASANAGILLISGLQSEDEADYYCMIWHSSAWVFGGGTKLTVL,1.8492729663848877,6
EVQLVESGGGLVQPGRSLRLSCAASGFHFDEYAMHWVRQAPGKGLEWVSGISWNSGSHGYADSVKGRFTISRDNAENSLYLQMNSLRAEDTALYYCAKVGRGGGYFDHWGQGTLVTVSSGGGGSGGGGSGGGGSQAVLTQPSSLSASPGASVSLTCTLRSGINIGTYRIYWYQQKPGSPPQYLLRHKSDSDKQQGSGVPSRFSGSKDASANAGILLISGLQSEDEADYYCMIWHSSAWVFGGGTKLTVL,1.908221960067749,6
EVQLVESGGGLVQPGRSLRLSCAASGFHFDEYAMHWVRQAPGKGLEWVSGISWNSGSHGYADSVKGRFTISRDNAENSLYLQMNSLRAEDTALYYCAKVGRGGGYFDYWGQGTLVTVSSGGGGSGGGGSGGGGSQAVLTQPSSLSASPGASVSLTCTLRSGINIGTYRIYWYQQKPGSPPQYLLRHKSDSDKQQGSGVPSRFSGSKDASANAGILLISGLQSEDEADYYCMIWHSSAWVFGGGTKLTVL,1.926376223564148,5
EVQLVESGGGLVQPGRSLRLSCAASGFHFDEYAMHWVRQAPGKGLEWVSGISWNSGSHGYADSVKGRFTISRDNAENSLYLQMNSLRAEDTALYYCAKVGRGGGYFDYWGQGTLVTVSSGGGGSGGGGSGGGGSQAVLTQPSSLSASPGASVSLTCTLRSGINVGTYRIYWYQQKPGSPPQYLLRHKSDSDKQQGSGVPSRFSGSKDASANAGILLISGLQSEDEADYYCMIWHSSAWVFGGGTKLTVL,1.9440094232559204,4
EVQLVESGGGLVQPGRSLRLSCAASGFHFDEYAMHWVRQAPGKGLEWVSGISWNSGSHGYADSVKGRFTISRDNAENSLYLQMNSLRAEDTALYYCAKVGRGGGYFDYWGQGTLVTVSSGGGGSGGGGSGGGGSQAVLTQPSSLSASPGASVSLTCTLRSGINVGTYRIYWYQQKPGSPPQYLLRYKSDSDKQQGSGVPSRFSGSKDASANAGILLISGLQSEDEADYYCMIWHSSAWVFGGGTKLTVL,1.986260175704956,3
EVQLVESGGGLVQPGRSLRLSCAASGFHFDEYAMHWVRQAPGKGLEWVSGISWNSGSIGYADSVKGRFTISRDNAENSLYLQMNSLRAEDTALYYCAKVGRGGGYFDYWGQGTLVTVSSGGGGSGGGGSGGGGSQAVLTQPSSLSASPGASVSLTCTLRSGINVGTYRIYWYQQKPGSPPQYLLRYKSDSDKQQGSGVPSRFSGSKDASANAGILLISGLQSEDEADYYCMIWHSSAWVFGGGTKLTVL,2.084733486175537,2
EVQLVESGGGLVQPGRSLRLSCAASGFTFDEYAMHWVRQAPGKGLEWVSGISWNSGSIGYADSVKGRFTISRDNAENSLYLQMNSLRAEDTALYYCAKVGRGGGYFDYWGQGTLVTVSSGGGGSGGGGSGGGGSQAVLTQPSSLSASPGASVSLTCTLRSGINVGTYRIYWYQQKPGSPPQYLLRYKSDSDKQQGSGVPSRFSGSKDASANAGILLISGLQSEDEADYYCMIWHSSAWVFGGGTKLTVL,2.1866071224212646,1
